{
  "timestamp": "2025-12-04T16:10:47.975948",
  "dataset_shape": [
    1000098,
    52
  ],
  "columns": {},
  "missing_values_summary": {
    "missing_count": {
      "NumberOfVehiclesInFleet": 1000098,
      "CrossBorder": 999400,
      "CustomValueEstimate": 779642,
      "Rebuilt": 641901,
      "Converted": 641901,
      "WrittenOff": 641901,
      "NewVehicle": 153295,
      "Bank": 145961,
      "AccountType": 40232,
      "Gender": 9536,
      "MaritalStatus": 8259,
      "VehicleType": 552,
      "make": 552,
      "mmcode": 552,
      "Model": 552,
      "Cylinders": 552,
      "bodytype": 552,
      "kilowatts": 552,
      "NumberOfDoors": 552,
      "VehicleIntroDate": 552,
      "cubiccapacity": 552,
      "CapitalOutstanding": 2
    },
    "missing_percentage": {
      "NumberOfVehiclesInFleet": 100.0,
      "CrossBorder": 99.9302068397297,
      "CustomValueEstimate": 77.95656025709481,
      "Rebuilt": 64.18380998662131,
      "Converted": 64.18380998662131,
      "WrittenOff": 64.18380998662131,
      "NewVehicle": 15.327997856210091,
      "Bank": 14.594669722367207,
      "AccountType": 4.022805765035026,
      "Gender": 0.9535065563574769,
      "MaritalStatus": 0.8258190697311664,
      "VehicleType": 0.05519459093008885,
      "make": 0.05519459093008885,
      "mmcode": 0.05519459093008885,
      "Model": 0.05519459093008885,
      "Cylinders": 0.05519459093008885,
      "bodytype": 0.05519459093008885,
      "kilowatts": 0.05519459093008885,
      "NumberOfDoors": 0.05519459093008885,
      "VehicleIntroDate": 0.05519459093008885,
      "cubiccapacity": 0.05519459093008885,
      "CapitalOutstanding": 0.00019998040192061175
    }
  },
  "duplicates": {
    "exact_duplicates": 0,
    "exact_duplicates_percentage": 0.0
  },
  "unique_counts": {
    "UnderwrittenCoverID": 116532,
    "PolicyID": 7000,
    "TransactionMonth": 23,
    "IsVATRegistered": 2,
    "Citizenship": 4,
    "LegalType": 6,
    "Title": 5,
    "Language": 1,
    "Bank": 11,
    "AccountType": 3,
    "MaritalStatus": 3,
    "Gender": 3,
    "Country": 1,
    "Province": 9,
    "PostalCode": 888,
    "MainCrestaZone": 16,
    "SubCrestaZone": 45,
    "ItemType": 1,
    "mmcode": 427,
    "VehicleType": 5,
    "RegistrationYear": 25,
    "make": 46,
    "Model": 411,
    "Cylinders": 7,
    "cubiccapacity": 122,
    "kilowatts": 82,
    "bodytype": 13,
    "NumberOfDoors": 6,
    "VehicleIntroDate": 174,
    "CustomValueEstimate": 923,
    "AlarmImmobiliser": 2,
    "TrackingDevice": 2,
    "CapitalOutstanding": 659,
    "NewVehicle": 2,
    "WrittenOff": 2,
    "Rebuilt": 2,
    "Converted": 2,
    "CrossBorder": 1,
    "NumberOfVehiclesInFleet": 0,
    "SumInsured": 2186,
    "TermFrequency": 2,
    "CalculatedPremiumPerTerm": 19869,
    "ExcessSelected": 13,
    "CoverCategory": 28,
    "CoverType": 22,
    "CoverGroup": 14,
    "Section": 5,
    "Product": 4,
    "StatutoryClass": 1,
    "StatutoryRiskType": 1,
    "TotalPremium": 38959,
    "TotalClaims": 1615
  }
}