{
  "portfolio": {
    "total_policies": 1000098,
    "total_premium": 60029512.92067537,
    "total_claims": -18656.961578947397,
    "policies_with_claims": 0
  },
  "kpis": {
    "loss_ratio": -0.031079648444926104,
    "claim_frequency": 0.0,
    "avg_claim_severity": 0.0,
    "avg_premium": 60.02363060487609,
    "combined_ratio": 29.968920351555074
  },
  "by_province": {
    "TotalPremium": {
      "Gauteng": 23720524.855576217,
      "Western Cape": 9161647.412622659,
      "KwaZulu-Natal": 12421473.556858934,
      "North West": 7461234.957814858,
      "Mpumalanga": 2826158.8783868207,
      "Eastern Cape": 2074686.8265807184,
      "Limpopo": 1528199.9509244477,
      "Free State": 519854.18042980874,
      "Northern Cape": 315732.30148090504
    },
    "TotalClaims": {
      "Gauteng": -12258.762280701796,
      "Western Cape": -5690.7192982456,
      "KwaZulu-Natal": 0.0,
      "North West": 0.0,
      "Mpumalanga": -707.48,
      "Eastern Cape": 0.0,
      "Limpopo": 0.0,
      "Free State": 0.0,
      "Northern Cape": 0.0
    },
    "PolicyCount": {
      "Gauteng": 393865,
      "Western Cape": 170796,
      "KwaZulu-Natal": 169781,
      "North West": 143287,
      "Mpumalanga": 52718,
      "Eastern Cape": 30336,
      "Limpopo": 24836,
      "Free State": 8099,
      "Northern Cape": 6380
    },
    "LossRatio": {
      "Gauteng": -0.05167997907019334,
      "Western Cape": -0.06211458531360951,
      "KwaZulu-Natal": 0.0,
      "North West": 0.0,
      "Mpumalanga": -0.02503327061371127,
      "Eastern Cape": 0.0,
      "Limpopo": 0.0,
      "Free State": 0.0,
      "Northern Cape": 0.0
    },
    "ClaimFrequency": {
      "Gauteng": NaN,
      "Western Cape": NaN,
      "KwaZulu-Natal": NaN,
      "North West": NaN,
      "Mpumalanga": NaN,
      "Eastern Cape": NaN,
      "Limpopo": NaN,
      "Free State": NaN,
      "Northern Cape": NaN
    },
    "AvgPremium": {
      "Gauteng": 60.22501328012445,
      "Western Cape": 53.640878080415575,
      "KwaZulu-Natal": 73.16174104793195,
      "North West": 52.07196017653282,
      "Mpumalanga": 53.60899272329794,
      "Eastern Cape": 68.39025667789815,
      "Limpopo": 61.53164563232597,
      "Free State": 64.1874528250165,
      "Northern Cape": 49.4878215487312
    },
    "AvgClaim": {
      "Gauteng": NaN,
      "Western Cape": NaN,
      "KwaZulu-Natal": NaN,
      "North West": NaN,
      "Mpumalanga": NaN,
      "Eastern Cape": NaN,
      "Limpopo": NaN,
      "Free State": NaN,
      "Northern Cape": NaN
    }
  },
  "by_vehicle_type": {
    "TotalPremium": {
      "Passenger Vehicle": 55494251.96017131,
      "Medium Commercial": 3750499.8264229526,
      "Heavy Commercial": 449978.7635681593,
      "Light Commercial": 254619.39973347244,
      "Bus": 52923.63791228052,
      "Unknown": 27239.332867194807
    },
    "TotalClaims": {
      "Passenger Vehicle": -18656.961578947397,
      "Medium Commercial": 0.0,
      "Heavy Commercial": 0.0,
      "Light Commercial": 0.0,
      "Bus": 0.0,
      "Unknown": 0.0
    },
    "PolicyCount": {
      "Passenger Vehicle": 933598,
      "Medium Commercial": 53985,
      "Heavy Commercial": 7401,
      "Light Commercial": 3897,
      "Bus": 665,
      "Unknown": 552
    },
    "LossRatio": {
      "Passenger Vehicle": -0.03361962891641039,
      "Medium Commercial": 0.0,
      "Heavy Commercial": 0.0,
      "Light Commercial": 0.0,
      "Bus": 0.0,
      "Unknown": 0.0
    },
    "ClaimFrequency": {
      "Passenger Vehicle": NaN,
      "Medium Commercial": NaN,
      "Heavy Commercial": NaN,
      "Light Commercial": NaN,
      "Bus": NaN,
      "Unknown": NaN
    },
    "AvgPremium": {
      "Passenger Vehicle": 59.44127125397796,
      "Medium Commercial": 69.47299854446517,
      "Heavy Commercial": 60.7997248436913,
      "Light Commercial": 65.3372850227027,
      "Bus": 79.5844179132038,
      "Unknown": 49.34661751303407
    }
  },
  "by_gender": {
    "TotalPremium": {
      "Female": 297250.12973240094,
      "Male": 1573870.2383395634,
      "Unknown": 58158392.55260341
    },
    "TotalClaims": {
      "Female": 0.0,
      "Male": 0.0,
      "Unknown": -18656.961578947397
    },
    "PolicyCount": {
      "Female": 6755,
      "Male": 42817,
      "Unknown": 950526
    },
    "LossRatio": {
      "Female": 0.0,
      "Male": 0.0,
      "Unknown": -0.032079568846529675
    },
    "ClaimFrequency": {
      "Female": NaN,
      "Male": NaN,
      "Unknown": NaN
    },
    "AvgPremium": {
      "Female": 44.00446036008896,
      "Male": 36.75806895250866,
      "Unknown": 61.18548314575657
    }
  },
  "temporal": {
    "TotalPremium": {
      "2013-10": 371.063511601566,
      "2013-11": 21307.46700877175,
      "2013-12": 41173.50827391035,
      "2014-01": 52746.782127900085,
      "2014-02": 59020.67072471389,
      "2014-03": 96440.1150764001,
      "2014-04": 231828.4463274841,
      "2014-05": 372464.0692246726,
      "2014-06": 482170.8857806993,
      "2014-07": 603280.0265449883,
      "2014-08": 896621.9683163511,
      "2014-09": 1222780.3025643218,
      "2014-10": 1653236.8812237983,
      "2014-11": 2688932.409438584,
      "2014-12": 3715599.574793419,
      "2015-01": 4148087.511709093,
      "2015-02": 4995265.816876545,
      "2015-03": 5784669.518590808,
      "2015-04": 6254772.463444419,
      "2015-05": 6248244.5184945995,
      "2015-06": 6564354.091008746,
      "2015-07": 6833903.226939545,
      "2015-08": 7062241.602673998
    },
    "TotalClaims": {
      "2013-10": 0.0,
      "2013-11": 0.0,
      "2013-12": 0.0,
      "2014-01": 0.0,
      "2014-02": 0.0,
      "2014-03": 0.0,
      "2014-04": 0.0,
      "2014-05": -328.35,
      "2014-06": 0.0,
      "2014-07": -635.48,
      "2014-08": -12002.412280701796,
      "2014-09": -5690.7192982456,
      "2014-10": 0.0,
      "2014-11": 0.0,
      "2014-12": 0.0,
      "2015-01": 0.0,
      "2015-02": 0.0,
      "2015-03": 0.0,
      "2015-04": 0.0,
      "2015-05": 0.0,
      "2015-06": 0.0,
      "2015-07": 0.0,
      "2015-08": 0.0
    },
    "PolicyCount": {
      "2013-10": 45,
      "2013-11": 1196,
      "2013-12": 1495,
      "2014-01": 1827,
      "2014-02": 2062,
      "2014-03": 3466,
      "2014-04": 6919,
      "2014-05": 9484,
      "2014-06": 11822,
      "2014-07": 14907,
      "2014-08": 19626,
      "2014-09": 25990,
      "2014-10": 33820,
      "2014-11": 48248,
      "2014-12": 62457,
      "2015-01": 71576,
      "2015-02": 83198,
      "2015-03": 92015,
      "2015-04": 96563,
      "2015-05": 99898,
      "2015-06": 102594,
      "2015-07": 104143,
      "2015-08": 106747
    },
    "LossRatio": {
      "2013-10": 0.0,
      "2013-11": 0.0,
      "2013-12": 0.0,
      "2014-01": 0.0,
      "2014-02": 0.0,
      "2014-03": 0.0,
      "2014-04": 0.0,
      "2014-05": -0.08815615441336364,
      "2014-06": 0.0,
      "2014-07": -0.10533748376179838,
      "2014-08": -1.338625720183898,
      "2014-09": -0.4653918031155275,
      "2014-10": 0.0,
      "2014-11": 0.0,
      "2014-12": 0.0,
      "2015-01": 0.0,
      "2015-02": 0.0,
      "2015-03": 0.0,
      "2015-04": 0.0,
      "2015-05": 0.0,
      "2015-06": 0.0,
      "2015-07": 0.0,
      "2015-08": 0.0
    },
    "AvgPremium": {
      "2013-10": 8.245855813368134,
      "2013-11": 17.81560786686601,
      "2013-12": 27.54080820997348,
      "2014-01": 28.870707240229933,
      "2014-02": 28.62302168996794,
      "2014-03": 27.82461485181769,
      "2014-04": 33.50606248409945,
      "2014-05": 39.27288794018058,
      "2014-06": 40.78589796825405,
      "2014-07": 40.46957983128653,
      "2014-08": 45.6854156892057,
      "2014-09": 47.048107062882714,
      "2014-10": 48.88340867013005,
      "2014-11": 55.731479220663736,
      "2014-12": 59.490522676295996,
      "2015-01": 57.95360891512648,
      "2015-02": 60.040695892648195,
      "2015-03": 62.86659260545355,
      "2015-04": 64.77400726411172,
      "2015-05": 62.546242352145185,